algorithm,size,trial,disorder,operations,time
simple,5,0,0.6,8,0.0008297820022562519
simple,5,1,0.6,8,0.0006043220055289567
simple,5,2,0.5,10,0.0006105880020186305
simple,5,3,0.4,5,0.0006392010109266266
simple,5,4,0.9,8,0.0006074560078559443
simple,205,0,0.5014825442372071,5338,0.002589594994788058
simple,205,1,0.5016260162601626,5817,0.0030866710003465414
simple,205,2,0.48240076518412245,6056,0.0037233660113997757
simple,205,3,0.48263988522238166,6009,0.003236524004023522
simple,205,4,0.48125298900047825,5773,0.00330252198909875
simple,405,0,0.4885955262192886,21989,0.008865590003551915
simple,405,1,0.48172595037281507,19597,0.00810065800033044
simple,405,2,0.5010756631218677,20799,0.008636579994345084
simple,405,3,0.4794523896834128,20340,0.008367365997401066
simple,405,4,0.49419386383082753,22640,0.009086871999897994
simple,605,0,0.5070658420447705,48267,0.01851960898784455
simple,605,1,0.50008757046686,49170,0.019207264005672187
simple,605,2,0.5161403316731432,46810,0.0182654310046928
simple,605,3,0.505166657544743,46683,0.018396801009657793
simple,605,4,0.4998029664495649,45808,0.018050311002298258
simple,805,0,0.48655480362164333,85242,0.03305488600744866
simple,805,1,0.5136182441828127,81918,0.03170327900443226
simple,805,2,0.495061957294274,83922,0.031888010998954996
simple,805,3,0.4852569450882235,82574,0.03212746398639865
simple,805,4,0.5027316831989123,80972,0.03570609299640637
simple,1005,0,0.51729004380488,128012,0.0484915829874808
simple,1005,1,0.48568115597312245,130236,0.050442916006431915
simple,1005,2,0.5043824701195219,127221,0.04956332298752386
simple,1005,3,0.5097718578422628,129654,0.049751605998608284
simple,1005,4,0.4976769538760381,128326,0.05147904698969796
simple,1205,0,0.4965040459877862,189182,0.07375094799499493
simple,1205,1,0.49395100701672157,183114,0.07165184800396673
simple,1205,2,0.5160543692532499,192417,0.07439338699623477
simple,1205,3,0.4985801133152286,184395,0.07117753800412174
simple,1205,4,0.5076604954439559,183559,0.07186279199959245
simple,1405,0,0.493619653050258,239140,0.09357819800789002
simple,1405,1,0.4882085753971875,247862,0.10260136899887584
simple,1405,2,0.504376920035283,251218,0.09783090799464844
simple,1405,3,0.4913627561314394,253249,0.09849778198986314
simple,1405,4,0.5099928014518762,251227,0.09832077799364924
simple,1605,0,0.49318759176824295,322362,0.12747403999674134
simple,1605,1,0.5004583556684612,324263,0.12537525400693994
simple,1605,2,0.48894741339796927,322229,0.12433118600165471
simple,1605,3,0.4834230622819897,331217,0.12821495300158858
simple,1605,4,0.49725608098134727,319027,0.13530715300294105
simple,1805,0,0.4990903563027068,424921,0.16759553999872878
simple,1805,1,0.4988692410217983,403183,0.1655750759964576
simple,1805,2,0.5067974522605967,420615,0.16369892899820115
simple,1805,3,0.4995252163551603,410779,0.163417286996264
simple,1805,4,0.49523680832376193,400851,0.15781620900088456
simple,2005,0,0.5141119257743864,499118,0.1988201240019407
simple,2005,1,0.4987944310879488,508906,0.2183270950044971
simple,2005,2,0.5041338768846347,502740,0.20968424901366234
simple,2005,3,0.4979248485572496,506999,0.1992466060037259
simple,2005,4,0.4930094922374702,513225,0.21438422100618482
simple,2205,0,0.4843442761254532,610174,0.2404834980115993
simple,2205,1,0.5003263495355795,607572,0.24136048200307414
simple,2205,2,0.505719964936973,603174,0.23884116500266828
simple,2205,3,0.5078546118992061,608981,0.24284074299794156
simple,2205,4,0.5019869048647893,611923,0.24077696799940895
simple,2405,0,0.4971160332225224,738216,0.29194106500654016
simple,2405,1,0.4982717646611157,716767,0.2827789620059775
simple,2405,2,0.5072989923239507,727078,0.28353440000500996
simple,2405,3,0.49836793147941233,733333,0.2899790539959213
simple,2405,4,0.5062660638367793,743085,0.3096244159969501
simple,2605,0,0.5057584522261632,854938,0.3331904590013437
simple,2605,1,0.4972344333684189,851114,0.3322986269922694
simple,2605,2,0.49646815323244026,850882,0.3350724289921345
simple,2605,3,0.5016475465178332,852588,0.3414609390019905
simple,2605,4,0.501470349764573,868518,0.3409695229929639
simple,2805,0,0.4919526726525132,1018019,0.40412871599255595
simple,2805,1,0.503863337579877,993152,0.3907024930085754
simple,2805,2,0.5101700906014072,990687,0.40507554600480944
simple,2805,3,0.5023104248832201,999041,0.40075089799938723
simple,2805,4,0.5004060916287147,994154,0.40406098900712095
simple,3005,0,0.5066575680567895,1141380,0.4742865939915646
simple,3005,1,0.4967411172236242,1181399,0.4668733010039432
simple,3005,2,0.4870592953156191,1126394,0.4623263740068069
simple,3005,3,0.4999820538782455,1152269,0.4613080700073624
simple,3005,4,0.4947163072641913,1138047,0.44760447699809447
simple,3205,0,0.4940271618355371,1305135,0.513370529995882
simple,3205,1,0.504508989348338,1289795,0.5130610369960777
simple,3205,2,0.508278848007853,1279146,0.5110537229920737
simple,3205,3,0.5009113023696978,1306531,0.5216147789906245
simple,3205,4,0.49744956090378445,1278262,0.5095141979982145
simple,3405,0,0.4997843083458866,1458949,0.5733391359972302
simple,3405,1,0.4975785592142612,1442824,0.5721411599952262
simple,3405,2,0.5013095071704533,1442469,0.5716085280000698
simple,3405,3,0.5074991674302152,1454149,0.5778506939968793
simple,3405,4,0.5023594941426774,1461549,0.5818393069930607
simple,3605,0,0.5067647135791484,1636847,0.6580415880016517
simple,3605,1,0.4982184997098308,1636620,0.6465814670082182
simple,3605,2,0.5045448038163791,1650023,0.6599129690002883
simple,3605,3,0.5005601727776657,1638505,0.6549655049893772
simple,3605,4,0.5066504931336887,1650008,0.6533625080046477
simple,3805,0,0.4993161634962022,1794344,0.7633480200020131
simple,3805,1,0.49612939419188046,1806867,0.7884155450010439
simple,3805,2,0.4956729965414371,1827040,0.7335646049905336
simple,3805,3,0.5005119446851022,1830073,0.7436533930012956
simple,3805,4,0.49766730089773403,1819867,0.7180111010093242
simple,4005,0,0.48562760585232495,2015582,0.7898445809987606
simple,4005,1,0.5034708113359799,1994316,0.8453270909958519
simple,4005,2,0.5017912175215546,1998719,0.85922450000362
simple,4005,3,0.5016072566634364,2035835,0.8293388610036345
simple,4005,4,0.506407450227675,1976634,0.7928547790070297
simple,4205,0,0.5035551894973476,2208747,0.8835871260089334
simple,4205,1,0.49587652776190727,2202940,0.855446513989591
simple,4205,2,0.5048786558523619,2186227,0.8530296450044261
simple,4205,3,0.5030972144755406,2221131,0.8664136940060416
simple,4205,4,0.5087111419847017,2200371,0.855274304994964
simple,4405,0,0.5025129358203924,2442172,0.9440539720089873
simple,4405,1,0.5053340220066166,2427989,0.9723692620027578
simple,4405,2,0.5032903737289699,2500996,0.9622790860012174
simple,4405,3,0.4949620662672774,2389707,0.9429142470035003
simple,4405,4,0.5015319887709141,2408929,0.9705021499976283
simple,4605,0,0.5051636163992789,2653765,1.0246546419948572
simple,4605,1,0.492311552716752,2654952,1.0377802750008414
simple,4605,2,0.5084465097149153,2632833,1.0975193210033467
simple,4605,3,0.5032695923197598,2623855,1.055490283004474
simple,4605,4,0.4999265143561139,2680001,1.0516890889994102
simple,4805,0,0.5031678422681064,2887120,1.140149216997088
simple,4805,1,0.496643189295081,2855784,1.1284804700117093
simple,4805,2,0.5003879008214626,2891125,1.1467177589947823
simple,4805,3,0.50019893238465,2921517,1.1862783920078073
simple,4805,4,0.49993129208143405,2909704,1.1410580450028647
simple,5005,0,0.4992117394995093,3138452,1.23263471199607
simple,5005,1,0.4957276137132252,3141764,1.2219133549951948
simple,5005,2,0.5050606467872655,3182242,1.322204962008982
simple,5005,3,0.5005783185639301,3109094,1.2419849209982203
simple,5005,4,0.5008753037530016,3158928,1.2314533160097199
medium,5,0,0.2,6,0.000782168994192034
medium,5,1,0.8,8,0.0006042230088496581
medium,5,2,0.4,9,0.0006575859879376367
medium,5,3,0.6,6,0.0007098000060068443
medium,5,4,0.5,8,0.0005604670004686341
medium,205,0,0.47431850789096125,2466,0.001707404007902369
medium,205,1,0.5223338115734099,2572,0.0017162809963338077
medium,205,2,0.5076040172166427,2623,0.0018635250016814098
medium,205,3,0.5022477283596365,2654,0.001812354996218346
medium,205,4,0.5235772357723577,2272,0.001646730990614742
medium,405,0,0.49041681945972376,5335,0.004229664002195932
medium,405,1,0.4691969196919692,5723,0.0038048489950597286
medium,405,2,0.4938516073829605,5629,0.003547640997567214
medium,405,3,0.5216354968830217,5704,0.003757647005841136
medium,405,4,0.5189341156337856,5540,0.003538346994901076
medium,605,0,0.5049367850692354,8451,0.005958371999440715
medium,605,1,0.5262711400580155,9380,0.006277609005337581
medium,605,2,0.47939357451699416,9264,0.0062357330025406554
medium,605,3,0.4800941382518746,9016,0.006123264000052586
medium,605,4,0.5026982650101254,8842,0.006085147004341707
medium,805,0,0.49595500757084143,12604,0.009711110993521288
medium,805,1,0.49779055035382097,12258,0.00936263300536666
medium,805,2,0.4935756002595717,12850,0.009692312989500351
medium,805,3,0.4865053613917988,12685,0.010800506992381997
medium,805,4,0.49634745527023266,11930,0.009549559996230528
medium,1005,0,0.5041267764761849,17377,0.014593451007385738
medium,1005,1,0.5097718578422628,18110,0.014698924002004787
medium,1005,2,0.5041307407187172,17119,0.014263457007473335
medium,1005,3,0.5082872490138947,17638,0.014596688997698948
medium,1005,4,0.48987334245109115,17144,0.014211974004865624
medium,1205,0,0.48455218428199226,21677,0.02000712399603799
medium,1205,1,0.503908134710026,21900,0.01907614500669297
medium,1205,2,0.4865096979639101,21940,0.01973675900080707
medium,1205,3,0.49282750444576173,21171,0.01972548000048846
medium,1205,4,0.5149653299513378,21437,0.019841499990434386
medium,1405,0,0.4851365189443481,27452,0.02543050900567323
medium,1405,1,0.4935922782897872,27117,0.025316472005215473
medium,1405,2,0.504171102391743,28013,0.025593416998162866
medium,1405,3,0.497293954233456,27039,0.02527428400935605
medium,1405,4,0.5126238200971297,26164,0.025187190010910854
medium,1605,0,0.5035479836234957,33242,0.034197272994788364
medium,1605,1,0.5154310485468572,34453,0.03291729401098564
medium,1605,2,0.5124517367018591,33119,0.03210139399743639
medium,1605,3,0.4882987235959944,33225,0.0328370919887675
medium,1605,4,0.4960247356686166,32672,0.032857039012014866
medium,1805,0,0.4975886150198697,40893,0.04054526600521058
medium,1805,1,0.49931638525652444,38759,0.03991754699382
medium,1805,2,0.4941386024285828,39136,0.041804149994277395
medium,1805,3,0.5005349761379759,39450,0.040618783998070285
medium,1805,4,0.4934623581944709,39018,0.04182430500804912
medium,2005,0,0.4881777591948273,45645,0.049700920993927866
medium,2005,1,0.49010656990258883,46240,0.05126525899686385
medium,2005,2,0.4901528613595751,45212,0.05056736400001682
medium,2005,3,0.508870040467693,44428,0.05034378299023956
medium,2005,4,0.5017043220292582,46136,0.04981662800128106
medium,2205,0,0.4966982316217473,51984,0.05824076299904846
medium,2205,1,0.5028877612751089,52858,0.06387290000566281
medium,2205,2,0.5031902416138869,52014,0.061841350005124696
medium,2205,3,0.5048261046705433,52598,0.059296116000041366
medium,2205,4,0.4997078081081192,53692,0.06043407300603576
medium,2405,0,0.49823129157571755,60793,0.07029702198633458
medium,2405,1,0.5030008890241835,61301,0.07120074500562623
medium,2405,2,0.5027099671026459,60838,0.07241200999123976
medium,2405,3,0.4982333671185585,60621,0.07165378298668656
medium,2405,4,0.5009575170972842,60305,0.0695031469949754
medium,2605,0,0.4943677378077725,70188,0.08827162800298538
medium,2605,1,0.4955187796126438,67423,0.08313552000618074
medium,2605,2,0.5011227374981941,68856,0.08520943000621628
medium,2605,3,0.4907391846590658,69880,0.0833592239941936
medium,2605,4,0.5106727874729856,68812,0.08606925999629311
medium,2805,0,0.4969000231398486,75094,0.09707410100963898
medium,2805,1,0.5007750577860505,76401,0.09495121000509243
medium,2805,2,0.5168455554962226,75532,0.10166024400677998
medium,2805,3,0.49040891418167576,77253,0.09843919800186995
medium,2805,4,0.49488863630006535,76749,0.09783043499919586
medium,3005,0,0.4992081550722165,85608,0.10826870601158589
medium,3005,1,0.5035626375038496,84737,0.11392835600418039
medium,3005,2,0.4987965020571573,85576,0.10953354199591558
medium,3005,3,0.4948558882111705,82033,0.11337745099444874
medium,3005,4,0.48833612864489057,84044,0.11088203299732413
medium,3205,0,0.5222469572940222,94397,0.1241813559900038
medium,3205,1,0.4930169191786398,95816,0.12914691799960565
medium,3205,2,0.49202985347878336,95320,0.12383117800345644
medium,3205,3,0.5009335055050143,94791,0.12360486299439799
medium,3205,4,0.49421238272751883,95666,0.12515178399917204
medium,3405,0,0.49546322802404014,105446,0.1461895770044066
medium,3405,1,0.49866547259766947,103530,0.1409854810044635
medium,3405,2,0.5086464744767751,102613,0.14210598600038793
medium,3405,3,0.49462530908614033,105607,0.1399747399991611
medium,3405,4,0.5004998869775732,106106,0.1414965959993424
medium,3605,0,0.4950498829317402,113819,0.15782636699441355
medium,3605,1,0.5004384094726002,116004,0.15704845600703266
medium,3605,2,0.5096890340675563,111035,0.172039383003721
medium,3605,3,0.49642268338000156,114347,0.16121463499439415
medium,3605,4,0.5042991221035035,116153,0.17380683199735358
medium,3805,0,0.5018760250984163,125083,0.1768857409915654
medium,3805,1,0.5095133278339006,124591,0.20099011200363748
medium,3805,2,0.4993603800412043,124063,0.17380536900600418
medium,3805,3,0.5012520191070745,126383,0.17981080900062807
medium,3805,4,0.49327355809155865,128472,0.17582357999344822
medium,4005,0,0.49575331036005194,135377,0.19747683400055394
medium,4005,1,0.5033070549924482,136283,0.20026341399352532
medium,4005,2,0.49630756259969744,134509,0.19373984400590416
medium,4005,3,0.5120901570339773,138953,0.19742252500145696
medium,4005,4,0.5071062520500723,133228,0.19121614200412296
medium,4205,0,0.5008830274321155,148311,0.20962996200250927
medium,4205,1,0.5033616135926262,150801,0.21466817701002583
medium,4205,2,0.5038957292245311,148634,0.21669829300662968
medium,4205,3,0.5021708559087037,150661,0.22133534200838767
medium,4205,4,0.506746646362504,148253,0.22332138400815893
medium,4405,0,0.502200558567642,159657,0.23935382500349078
medium,4405,1,0.5033010955884702,161861,0.23842706099094357
medium,4405,2,0.5044152411232797,158135,0.23329618301067967
medium,4405,3,0.5008029023248909,158863,0.2362837560067419
medium,4405,4,0.5023350972854107,156180,0.2288588899973547
medium,4605,0,0.5036830551915862,175555,0.2626164859975688
medium,4605,1,0.5071628221128585,168890,0.2657591299939668
medium,4605,2,0.49201270480939485,168509,0.2512304999982007
medium,4605,3,0.49757374741880495,171937,0.26163040900428314
medium,4605,4,0.487841663435751,175162,0.2585047879983904
medium,4805,0,0.4952903451078316,188746,0.2857476780045545
medium,4805,1,0.49375780328740965,185588,0.28079693199833855
medium,4805,2,0.4941014295232641,182083,0.28515696700196713
medium,4805,3,0.4979889287543072,186539,0.2811461909877835
medium,4805,4,0.49493311591710343,186399,0.29076051400625147
medium,5005,0,0.49756686159563857,196275,0.3120204669976374
medium,5005,1,0.4966508311832053,198854,0.3087698120070854
medium,5005,2,0.5028032718680201,196473,0.30573261600511614
medium,5005,3,0.49938870082754977,202593,0.31135460900259204
medium,5005,4,0.5033356731198457,193662,0.30103777200565673
complex,5,0,0.3,7,0.0008308609976666048
complex,5,1,0.6,8,0.0006026769988238811
complex,5,2,0.3,7,0.0006618899933528155
complex,5,3,0.5,10,0.0006184469966683537
complex,5,4,0.2,7,0.0005829389992868528
complex,205,0,0.5227164036346246,2528,0.00157681800192222
complex,205,1,0.4945480631276901,2528,0.0016740450082579628
complex,205,2,0.4721664275466284,2528,0.0018530410015955567
complex,205,3,0.5106169296987088,2528,0.001869542000349611
complex,205,4,0.49631755141080824,2528,0.0017850570002337918
complex,405,0,0.4782178217821782,5606,0.003403857001103461
complex,405,1,0.49655298863219655,5606,0.003539201003150083
complex,405,2,0.5106343967730106,5606,0.003342971991514787
complex,405,3,0.4974819704192642,5606,0.003379941001185216
complex,405,4,0.5368414619239702,5606,0.0034445850033080205
complex,605,0,0.48583000383120795,9415,0.006070110001019202
complex,605,1,0.508406764818565,9415,0.006100707993027754
complex,605,2,0.5071096272782004,9415,0.006297041007201187
complex,605,3,0.5146844726615949,9415,0.006001185000059195
complex,605,4,0.5080838487220185,9415,0.006082015999709256
complex,805,0,0.5057013071289516,12352,0.009239202991011553
complex,805,1,0.5147337844936807,12352,0.008983135994640179
complex,805,2,0.49813664596273294,12352,0.009315021001384594
complex,805,3,0.4855072463768116,12352,0.009212573990225792
complex,805,4,0.4924940514817218,12352,0.008865441006491892
complex,1005,0,0.5017442667142376,15133,0.012580088005051948
complex,1005,1,0.4954094071475293,15133,0.012580401002196595
complex,1005,2,0.48732037026025254,15133,0.012567869009217247
complex,1005,3,0.5058155437949694,15133,0.012367986011668108
complex,1005,4,0.5090840617628987,15133,0.012268253005458973
complex,1205,0,0.49705132270026603,20565,0.017464789998484775
complex,1205,1,0.5188707075998401,20565,0.01765767599863466
complex,1205,2,0.4935098771729091,20565,0.017601177998585626
complex,1205,3,0.49351125570367105,20565,0.017543948997627012
complex,1205,4,0.5101749355536869,20565,0.01701520998904016
complex,1405,0,0.4963986981780576,23831,0.022700279994751327
complex,1405,1,0.5072634364449311,23831,0.02293942798860371
complex,1405,2,0.5027111151666311,23831,0.02207911800360307
complex,1405,3,0.5014934452656873,23831,0.022602322002057917
complex,1405,4,0.4968245277853819,23831,0.024340383999515325
complex,1605,0,0.4981308411214953,27034,0.030120173003524542
complex,1605,1,0.49350844073616584,27034,0.02701499199611135
complex,1605,2,0.5097078176832063,27034,0.02766017300018575
complex,1605,3,0.5016213360679299,27034,0.02734175899240654
complex,1605,4,0.4996092323707864,27034,0.028085419995477423
complex,1805,0,0.4998286356572959,30177,0.03275781200500205
complex,1805,1,0.5033523533422188,30177,0.03444355299870949
complex,1805,2,0.5100134511795886,30177,0.03344883800309617
complex,1805,3,0.49335917106338023,30177,0.0342176670092158
complex,1805,4,0.4955021466608521,30177,0.032672804009052925
complex,2005,0,0.488125494646617,33211,0.04103049800323788
complex,2005,1,0.5006998471884162,33211,0.041116131003946066
complex,2005,2,0.49463715959601995,33211,0.040717932002735324
complex,2005,3,0.49922698244408936,33211,0.041417940010433085
complex,2005,4,0.4893798438036645,33211,0.03988821999519132
complex,2205,0,0.5023330082184114,40955,0.04851866699755192
complex,2205,1,0.50432197077258,40955,0.049796597988461144
complex,2205,2,0.5056294266042776,40955,0.04822645599779207
complex,2205,3,0.506708067376981,40955,0.05010017899621744
complex,2205,4,0.5180615742969904,40955,0.04995611899357755
complex,2405,0,0.4919264842725741,44655,0.05790388000605162
complex,2405,1,0.5105257695939892,44655,0.05586279999988619
complex,2405,2,0.5042071253385729,44655,0.0559221370058367
complex,2405,3,0.49516225556159,44655,0.05580555199412629
complex,2405,4,0.4920191918528025,44655,0.05614256300032139
complex,2605,0,0.494136585969909,48235,0.06423730999813415
complex,2605,1,0.4870590351179788,48235,0.06458915500843432
complex,2605,2,0.49589941357014605,48235,0.06631537200883031
complex,2605,3,0.49467289361413563,48235,0.06599267199635506
complex,2605,4,0.49940443021366804,48235,0.06718756799818948
complex,2805,0,0.501222343430953,51797,0.07503034100227524
complex,2805,1,0.4999300718861011,51797,0.07290735800052062
complex,2805,2,0.5044985391381296,51797,0.07356644100218546
complex,2805,3,0.5136176737586489,51797,0.0748978750052629
complex,2805,4,0.500116462095148,51797,0.07351681900036056
complex,3005,0,0.5110189187572421,55252,0.08603470800153445
complex,3005,1,0.5041754643282058,55252,0.08223126600205433
complex,3005,2,0.4982118129792556,55252,0.0846877079893602
complex,3005,3,0.4993873947327025,55252,0.08361253100156318
complex,3005,4,0.5075176525586517,55252,0.08432217700465117
complex,3205,0,0.4945697753003753,58788,0.09395781499915756
complex,3205,1,0.49785058068989424,58788,0.09217560400429647
complex,3205,2,0.49712819973473094,58788,0.09288169800129253
complex,3205,3,0.5062353805013624,58788,0.09528716100612655
complex,3205,4,0.4936976205639986,58788,0.09333195300132502
complex,3405,0,0.5091798367990669,62318,0.10273932899872307
complex,3405,1,0.5082628884391,62318,0.10979494100320153
complex,3405,2,0.49495661146685854,62318,0.11237089399946854
complex,3405,3,0.5055460363638874,62318,0.10410179098835215
complex,3405,4,0.499395200601866,62318,0.11094460298772901
complex,3605,0,0.5011508248655755,65679,0.11552339199988637
complex,3605,1,0.5053868332458464,65679,0.11648517499270383
complex,3605,2,0.49946845930165434,65679,0.11643879899929743
complex,3605,3,0.504460446937522,65679,0.11529391499061603
complex,3605,4,0.4994719998275918,65679,0.11878977800370194
complex,3805,0,0.49891448382019893,69092,0.12647818999539595
complex,3805,1,0.49895593683113837,69092,0.1268863839941332
complex,3805,2,0.4919489962153401,69092,0.13114202200085856
complex,3805,3,0.49815161024220994,69092,0.13053568500617985
complex,3805,4,0.489510039228366,69092,0.1281987030088203
complex,4005,0,0.4967650327200889,72357,0.1418933489912888
complex,4005,1,0.4956107562849136,72357,0.13986564600782003
complex,4005,2,0.49653168304853695,72357,0.14222048899682704
complex,4005,3,0.49659479097681347,72357,0.14085845000226982
complex,4005,4,0.49994075836772467,72357,0.14410885400138795
complex,4205,0,0.4980137822423806,84293,0.15830601200286765
complex,4205,1,0.4950650023588881,84293,0.15723163100483362
complex,4205,2,0.5055349584960136,84293,0.1573235479881987
complex,4205,3,0.49508253845779626,84293,0.15925030800281093
complex,4205,4,0.5016181859527928,84293,0.16048389300704002
complex,4405,0,0.5028555198503888,88425,0.170493041005102
complex,4405,1,0.4932498677809153,88425,0.17038282999419607
complex,4405,2,0.5000456709976794,88425,0.17327555200608913
complex,4405,3,0.5124397282008617,88425,0.17097500499221496
complex,4405,4,0.5042021441657104,88425,0.17552610799612012
complex,4605,0,0.49634637679928983,92366,0.18832110600487795
complex,4605,1,0.4999991510002632,92366,0.18559390999143943
complex,4605,2,0.49631081314364794,92366,0.1860360050050076
complex,4605,3,0.499353345200463,92366,0.19106917599856388
complex,4605,4,0.49850283613078744,92366,0.1943708040053025
complex,4805,0,0.5031734740647102,96425,0.2010058939922601
complex,4805,1,0.4975703563021104,96425,0.19889790199522395
complex,4805,2,0.50159405836794,96425,0.2004817660053959
complex,4805,3,0.4979112966041999,96425,0.20115816500037909
complex,4805,4,0.5058828014462454,96425,0.20146531499631237
complex,5005,0,0.49811219955104846,100296,0.2172146129887551
complex,5005,1,0.5002521060075017,100296,0.21806128400203306
complex,5005,2,0.4992975849090957,100296,0.2206596750038443
complex,5005,3,0.503479813551756,100296,0.21804070999496616
complex,5005,4,0.49641413742133167,100296,0.21568158399895765
adaptive,5,0,0.8,9,0.0007735639956081286
adaptive,5,1,0.1,6,0.0006136709998827428
adaptive,5,2,0.7,8,0.0005711650010198355
adaptive,5,3,0.5,10,0.0006112690025474876
adaptive,5,4,0.9,7,0.0006276659987634048
adaptive,205,0,0.5100908656145385,2528,0.0015949610096868128
adaptive,205,1,0.4844571975131516,2464,0.00162639599875547
adaptive,205,2,0.46991869918699186,2580,0.0017474390042480081
adaptive,205,3,0.44815877570540413,2656,0.0017838870116975158
adaptive,205,4,0.5109995217599235,2528,0.001719345003948547
adaptive,405,0,0.5130790856863464,5606,0.0036493390070972964
adaptive,405,1,0.4847573646253514,5178,0.003467305999947712
adaptive,405,2,0.49805647231389805,5211,0.0035552420013118535
adaptive,405,3,0.4675712015646009,5253,0.0034221889945911244
adaptive,405,4,0.5053171983865054,5606,0.0033985870104515925
adaptive,605,0,0.5003776476383339,9415,0.005942670002696104
adaptive,605,1,0.5002243993213289,9415,0.006135670002549887
adaptive,605,2,0.5288271030594932,9415,0.005982460002996959
adaptive,605,3,0.520316348311532,9415,0.006003660993883386
adaptive,605,4,0.501198620765147,9415,0.006259532005060464
adaptive,805,0,0.48959241061771885,12832,0.009863127997959964
adaptive,805,1,0.5018355427829795,12352,0.009021261997986585
adaptive,805,2,0.5209295139210779,12352,0.009746576004545204
adaptive,805,3,0.5089490436018664,12352,0.009631487002479844
adaptive,805,4,0.5112481072896388,12352,0.0093142080004327
adaptive,1005,0,0.49161760916532876,17063,0.014790671004448086
adaptive,1005,1,0.4831975580266001,17205,0.01424686799873598
adaptive,1005,2,0.512342669124497,15133,0.012590186001034454
adaptive,1005,3,0.48994469881667363,17743,0.01411465099954512
adaptive,1005,4,0.5182176765574518,15133,0.012583919000462629
adaptive,1205,0,0.505767772707848,20565,0.01738655599183403
adaptive,1205,1,0.49610151500530736,21954,0.01999507700384129
adaptive,1205,2,0.48375263644008215,21526,0.0201918359962292
adaptive,1205,3,0.5009691071256255,20565,0.018724079011008143
adaptive,1205,4,0.4960312099364497,21771,0.01951968000503257
adaptive,1405,0,0.4932668228041894,25904,0.028252800009795465
adaptive,1405,1,0.5073050055256461,23831,0.02157635700132232
adaptive,1405,2,0.504238018472894,23831,0.02330155100207776
adaptive,1405,3,0.49234621974835496,26573,0.025226114012184553
adaptive,1405,4,0.49796210116494816,26238,0.026321240002289414
adaptive,1605,0,0.491693663038665,32582,0.032719672002713196
adaptive,1605,1,0.5059640618080966,27034,0.027092610995168798
adaptive,1605,2,0.5019157713193652,27034,0.027265244993031956
adaptive,1605,3,0.49658330808492784,34137,0.032343073005904444
adaptive,1605,4,0.5046286153774442,27034,0.027139817000715993
adaptive,1805,0,0.49342611985676643,40794,0.03999882299103774
adaptive,1805,1,0.5032374962379692,30177,0.03435504999652039
adaptive,1805,2,0.4993434104575244,38843,0.04222322499845177
adaptive,1805,3,0.48659427188580623,38056,0.04090147100214381
adaptive,1805,4,0.504327717414671,30177,0.033739394988515414
adaptive,2005,0,0.5030875904052244,33211,0.03945867400034331
adaptive,2005,1,0.5007869547687667,33211,0.040656044002389535
adaptive,2005,2,0.5044932578732809,33211,0.03853315400192514
adaptive,2005,3,0.497654566179362,45781,0.04825289099244401
adaptive,2005,4,0.5054200825282104,33211,0.04003934400680009
adaptive,2205,0,0.5081620306924948,40955,0.04984941899601836
adaptive,2205,1,0.49048318662008056,52499,0.061172678993898444
adaptive,2205,2,0.4929816330645991,53857,0.06109476900019217
adaptive,2205,3,0.5192607956673292,40955,0.0495528169994941
adaptive,2205,4,0.5052837347885313,40955,0.04973286599852145
adaptive,2405,0,0.4991984945395927,58402,0.07136311200156342
adaptive,2405,1,0.48230495950961844,59969,0.0740516329969978
adaptive,2405,2,0.5108222262964359,44655,0.056401164998533204
adaptive,2405,3,0.5066445044814429,44655,0.05804771700059064
adaptive,2405,4,0.5010751311916037,44655,0.05639709199022036
adaptive,2605,0,0.503732335606523,48235,0.06532744898868259
adaptive,2605,1,0.5070277234787173,48235,0.0648948529997142
adaptive,2605,2,0.4988174106866448,69904,0.08458770600554999
adaptive,2605,3,0.5056219429137515,48235,0.06842181899992283
adaptive,2605,4,0.5052439624850001,48235,0.06374449199938681
adaptive,2805,0,0.49567233974383423,77096,0.09635972700198181
adaptive,2805,1,0.49571709373672956,74839,0.0970233330008341
adaptive,2805,2,0.49762574982009405,77024,0.09753579999960493
adaptive,2805,3,0.5039075830046712,51797,0.07329021001351066
adaptive,2805,4,0.5048224970185196,51797,0.07336766099615488
adaptive,3005,0,0.48992535742692495,86102,0.11028990399790928
adaptive,3005,1,0.5002051618363536,55252,0.08580642400193028
adaptive,3005,2,0.5093860432346444,55252,0.0842201049963478
adaptive,3005,3,0.4925751798489424,85326,0.11318179900990799
adaptive,3005,4,0.5000383293711546,55252,0.08558870600245427
adaptive,3205,0,0.4970298437405661,95545,0.1421347129944479
adaptive,3205,1,0.5009128604844568,58788,0.09592920399154536
adaptive,3205,2,0.4964872302757279,93713,0.13932633100193925
adaptive,3205,3,0.48690540880062166,95886,0.13003951200516894
adaptive,3205,4,0.5026661291170748,58788,0.09817965199181344
adaptive,3405,0,0.5004978163376937,62318,0.1060809379996499
adaptive,3405,1,0.5000110434126906,62318,0.11037937499349937
adaptive,3405,2,0.5103689017498633,62318,0.1027126350090839
adaptive,3405,3,0.4989588132472637,102109,0.14193789999990258
adaptive,3405,4,0.4950356408889257,103829,0.14159433799795806
adaptive,3605,0,0.49939503187243023,116565,0.1586694560101023
adaptive,3605,1,0.5098719099290202,65679,0.11581897499854676
adaptive,3605,2,0.4998080419198271,111967,0.1579018519987585
adaptive,3605,3,0.5035012722802988,65679,0.11349211299966555
adaptive,3605,4,0.49873510862487513,112800,0.15685265400679782
adaptive,3805,0,0.49984026773118,124920,0.17880416401021648
adaptive,3805,1,0.4916538507774512,129006,0.17614254000363871
adaptive,3805,2,0.5018807231063228,69092,0.12773970000853296
adaptive,3805,3,0.5075133582327752,69092,0.1255215400015004
adaptive,3805,4,0.4932825395772622,125993,0.1783895249973284
adaptive,4005,0,0.507470681627985,72357,0.14242845399712678
adaptive,4005,1,0.49271639721077926,137076,0.19684898399282247
adaptive,4005,2,0.4963421098252559,133445,0.19411915799719281
adaptive,4005,3,0.4995750815975535,139539,0.19969776998914313
adaptive,4005,4,0.5035327967912238,72357,0.1441666989994701
adaptive,4205,0,0.49565738309361673,149178,0.2172571400005836
adaptive,4205,1,0.5014044718183577,84293,0.15542481499142013
adaptive,4205,2,0.5003028653985616,84293,0.15864594001322985
adaptive,4205,3,0.5040895314014964,84293,0.15975648201128934
adaptive,4205,4,0.49936202540811025,148294,0.21755824799765833
adaptive,4405,0,0.4977563478047508,157884,0.24121026499778964
adaptive,4405,1,0.4987031704744732,158747,0.232125750000705
adaptive,4405,2,0.4991902934181185,161660,0.23252569999021944
adaptive,4405,3,0.5011519813274693,88425,0.17048020800575614
adaptive,4405,4,0.5027791266014489,88425,0.16746719500224572
adaptive,4605,0,0.4962632691583866,173037,0.2606854660116369
adaptive,4605,1,0.5044638519495392,92366,0.18768342200201005
adaptive,4605,2,0.49987868737094027,173558,0.25577456199971493
adaptive,4605,3,0.4910517314406299,173309,0.26040803400974255
adaptive,4605,4,0.4984287844870768,176494,0.26158804999431595
adaptive,4805,0,0.485449776937533,183659,0.2741209339874331
adaptive,4805,1,0.49547792725624934,183225,0.2748839730047621
adaptive,4805,2,0.49677246068789366,184679,0.2859658459929051
adaptive,4805,3,0.500731786986391,96425,0.19881980599893723
adaptive,4805,4,0.5008623580245737,96425,0.20044449799752329
adaptive,5005,0,0.5001676181532296,100296,0.21896008000476286
adaptive,5005,1,0.5090771738253753,100296,0.2194036290020449
adaptive,5005,2,0.5055182227844098,100296,0.22392269100237172
adaptive,5005,3,0.49994290282060067,200215,0.3053118210082175
adaptive,5005,4,0.5052369692657462,100296,0.21746388099563774
